{"chunk_definitions":[{"row":8,"row_count":1,"visible":true,"expansion_state":0,"options":{"engine":"r","label":"setup","include":false,"dev":"png"},"document_id":"18DEA71C","chunk_id":"csetup_chunk","chunk_label":"setup"},{"row":20,"row_count":1,"visible":true,"expansion_state":0,"options":{"engine":"r","label":"unnamed-chunk-7","dev":"png"},"document_id":"18DEA71C","chunk_id":"ctaarhurmo8qo","chunk_label":"unnamed-chunk-1"},{"row":92,"row_count":1,"visible":true,"expansion_state":0,"options":{"engine":"r","label":"unnamed-chunk-8","dev":"png"},"document_id":"18DEA71C","chunk_id":"cknda281g9c27","chunk_label":"unnamed-chunk-4"},{"row":124,"row_count":1,"visible":true,"expansion_state":0,"options":{"engine":"r","label":"unnamed-chunk-23","dev":"png"},"document_id":"18DEA71C","chunk_id":"ccoe6kgtx0wy4","chunk_label":"unnamed-chunk-5"},{"row":237,"row_count":1,"visible":true,"expansion_state":0,"options":{"engine":"r","label":"unnamed-chunk-12","dev":"png"},"document_id":"18DEA71C","chunk_id":"ckuk7a59ocr3k","chunk_label":"unnamed-chunk-6"},{"row":350,"row_count":1,"visible":true,"expansion_state":0,"options":{"engine":"r","label":"unnamed-chunk-15","dev":"png"},"document_id":"18DEA71C","chunk_id":"cff1nbccefffg","chunk_label":"unnamed-chunk-7"},{"row":463,"row_count":1,"visible":true,"expansion_state":0,"options":{"engine":"r","label":"unnamed-chunk-17","dev":"png"},"document_id":"18DEA71C","chunk_id":"cbz8nkbt70zki","chunk_label":"unnamed-chunk-8"},{"row":574,"row_count":1,"visible":true,"expansion_state":0,"options":{"engine":"r","label":"unnamed-chunk-19","dev":"png"},"document_id":"18DEA71C","chunk_id":"cjwq1zmc6g4bi","chunk_label":"unnamed-chunk-9"},{"row":688,"row_count":1,"visible":true,"expansion_state":0,"options":{"engine":"r","label":"unnamed-chunk-24","dev":"png"},"document_id":"18DEA71C","chunk_id":"cfoxsp8slw00q","chunk_label":"unnamed-chunk-10"},{"row":727,"row_count":1,"visible":true,"expansion_state":0,"options":{"engine":"r","label":"unnamed-chunk-55","dev":"png"},"document_id":"18DEA71C","chunk_id":"c4pocav2h8fhm","chunk_label":"unnamed-chunk-12"},{"row":748,"row_count":1,"visible":true,"expansion_state":0,"options":{"engine":"r","label":"unnamed-chunk-14","dev":"png"},"document_id":"18DEA71C","chunk_id":"cb8bhfqlsg2dk","chunk_label":"unnamed-chunk-13"},{"row":811,"row_count":1,"visible":true,"expansion_state":0,"options":{"engine":"r","label":"unnamed-chunk-18","dev":"png"},"document_id":"18DEA71C","chunk_id":"cyec233r2e2kh","chunk_label":"unnamed-chunk-14"},{"row":816,"row_count":1,"visible":true,"expansion_state":0,"options":{"engine":"r","label":"unnamed-chunk-7","dev":"png"},"document_id":"18DEA71C","chunk_id":"cigg9tg5ppdkz","chunk_label":"unnamed-chunk-15"}],"doc_write_time":1764877362,"chunk_rendered_width":700,"working_dir":null,"default_chunk_options":{"echo":true}}