"0",""
"0",""
"0",""
"0","top_features_subset_card <- head(importance_df_subset_card$feature, 10)"
"0","print(top_features_subset_card)"
"1"," [1]"
"1"," ""X259578"""
"1"," ""X252921"""
"1"," ""X256717"""
"1"," ""X127770"""
"1"," ""X231664"""
"1"," ""X284310"""
"1"," ""X183913"""
"1"," ""X268357"""
"1"," ""X245670"""
"1"," ""X251680"""
"1","
"
"0","top_features_subset_card_clean <- sub(""^X(\\d+)$"", ""\\1"", top_features_subset_card)"
"0","top_features_subset_card_clean <- as.character(top_features_subset_card_clean)"
"0",""
"0","existing_features_subset_card <- top_features_subset_card_clean[top_features_subset_card_clean %in% colnames(toxicity_features_cards_subset)]"
"0","print(existing_features_subset_card)"
"1"," [1]"
"1"," ""259578"""
"1"," ""252921"""
"1"," ""256717"""
"1"," ""127770"""
"1"," ""231664"""
"1"," ""284310"""
"1"," ""183913"""
"1"," ""268357"""
"1"," ""245670"""
"1"," ""251680"""
"1","
"
"0","mean_features %>%filter(NA_id%in%existing_features_subset_card)"
