"0","annotated_features <- annotated_features %>%"
"0","  mutate("
"0","    mz_rt = factor(mz_rt),"
"0","    class_grouped = factor(class_grouped)"
"0","  )"
"0",""
"0","# Vertical gridlines per facet"
"0","x_grid <- annotated_features %>%"
"0","  group_by(enzyme) %>%"
"0","  summarise(x_breaks = seq_along(levels(droplevels(mz_rt))) + 0.5, .groups = ""drop"") %>%"
"0","  tidyr::unnest(x_breaks)"
"0",""
"0","# Horizontal gridlines (shared, since class_grouped is common)"
"0","y_grid <- data.frame(y_breaks = seq_along(levels(annotated_features$class_grouped)) + 0.5)"
"0",""
"0","# Plot"
"0","ggplot(annotated_features, aes(x = mz_rt, y = class_grouped)) +"
"0","  # Vertical gridlines per facet"
"0","  geom_vline("
"0","    data = x_grid,"
"0","    aes(xintercept = x_breaks),"
"0","    inherit.aes = FALSE,"
"0","    color = ""grey90"", size = 0.3"
"0","  ) +"
"0","  # Horizontal gridlines shared"
"0","  geom_hline("
"0","    data = y_grid,"
"0","    aes(yintercept = y_breaks),"
"0","    inherit.aes = FALSE,"
"0","    color = ""grey90"", size = 0.3"
"0","  ) +"
"0","  "
"0","  # Tiles and points"
"0","  geom_tile(aes(fill = direction_toxicity, alpha = class_probability), color = NA) +"
"0","  geom_point(aes(shape = status), color = ""black"", size = 2, stroke = 1) +"
"0","  "
"0","  scale_fill_manual(values = c(""positive"" = ""red"", ""negative"" = ""blue""), name = ""Predictive direction"") +"
"0","  scale_shape_manual(name = ""Predictive in"","
"0","    values = c(""stable"" = 16, ""goes_away"" = 4, ""only_with"" = 17),"
"0","    breaks = c(""stable"", ""goes_away"", ""only_with""),"
"0","    labels = c(""In both models"", ""Only without predictors"", ""Only with predictors"")"
"0","  ) +"
"0","  scale_alpha_continuous(range = c(0.3, 1), name = ""Class probability score"") +"
"0","  "
"0","  theme_classic(base_size = 14) +"
"0","  theme("
"0","    axis.text.x = element_text(angle = 45, hjust = 1, vjust = 1, size = 11),"
"0","    axis.text.y = element_text(size = 11)"
"0","  ) +"
"0","  facet_wrap(~ enzyme, scales = ""free_x"", ncol = 6)+"
"0","  xlab(""Relevant features (ion mass_Retention time)"")+ylab(""Superclass|class"")"
