"0",""
"0",""
"0",""
"0","top_features_subset_card <- head(importance_df_subset_card$feature, 10)"
"0","print(top_features_subset_card)"
"1"," [1]"
"1"," ""X98510"" "
"1"," ""X111940"""
"1"," ""X107166"""
"1"," ""X141664"""
"1"," ""X153694"""
"1"," ""X145413"""
"1"," ""X149894"""
"1"," ""X123306"""
"1"," ""X128795"""
"1"," ""X85688"" "
"1","
"
"0","top_features_subset_card_clean <- sub(""^X(\\d+)$"", ""\\1"", top_features_subset_card)"
"0","top_features_subset_card_clean <- as.character(top_features_subset_card_clean)"
"0",""
"0","existing_features_subset_card <- top_features_subset_card_clean[top_features_subset_card_clean %in% colnames(toxicity_features_cards_subset)]"
"0","print(existing_features_subset_card)"
"1"," [1]"
"1"," ""98510"" "
"1"," ""111940"""
"1"," ""107166"""
"1"," ""141664"""
"1"," ""153694"""
"1"," ""145413"""
"1"," ""149894"""
"1"," ""123306"""
"1"," ""128795"""
"1"," ""85688"" "
"1","
"
"0","mean_features %>%filter(NA_id%in%existing_features_subset_card)"
