"0","subset_card_data <- toxicity_features_cards_subset %>%"
"0","  select(-species)  # remove if not part of the prediction"
"0","#mon_ic50_mg"
"0","colnames(subset_card_data) <- make.names(colnames(subset_card_data))"
"0","#-ic50_mg_pig"
"0","# Fit random forest"
"0","subset_card_data$ic50_mg_mon <- as.numeric(subset_card_data$ic50_mg_mon)"
"0","x <- subset_card_data %>% select(-ic50_mg_mon)"
"0","y <- subset_card_data$ic50_mg_mon"
"0",""
"0",""
"0","rf_model_subset_card <- ranger("
"0","  x = x,"
"0","  y = y,"
"0","  importance = ""impurity"","
"0","  num.trees = 500,"
"0","  num.threads = 1,"
"0","  seed=100 "
"0",")"
"0","# View variable importance"
"0","importance_df_subset_card <- rf_model_subset_card$variable.importance %>%"
"0","  sort(decreasing = TRUE) %>%"
"0","  as.data.frame() %>%"
"0","  tibble::rownames_to_column(""feature"") %>%"
"0","  rename(importance = ""."")"
"0",""
"0","importance_df_subset_card %>%"
"0","  slice_max(order_by = importance, n = 50) %>%"
"0","  ggplot(aes(x = reorder(feature, importance), y = importance)) +"
"0","  geom_col() +"
"0","  theme_classic2()+"
"0","    coord_flip() "
