"0",""
"0",""
"0",""
"0","top_features_subset_card <- head(importance_df_subset_card$feature, 10)"
"0","print(top_features_subset_card)"
"1"," [1]"
"1"," ""X136030"""
"1"," ""X141379"""
"1"," ""X139457"""
"1"," ""X145413"""
"1"," ""X141664"""
"1"," ""X98510"" "
"1"," ""X32881"" "
"1"," ""X138250"""
"1"," ""X83394"" "
"1"," ""X138197"""
"1","
"
"0","top_features_subset_card_clean <- sub(""^X(\\d+)$"", ""\\1"", top_features_subset_card)"
"0","top_features_subset_card_clean <- as.character(top_features_subset_card_clean)"
"0",""
"0","existing_features_subset_card <- top_features_subset_card_clean[top_features_subset_card_clean %in% colnames(toxicity_features_cards_subset)]"
"0","print(existing_features_subset_card)"
"1"," [1]"
"1"," ""136030"""
"1"," ""141379"""
"1"," ""139457"""
"1"," ""145413"""
"1"," ""141664"""
"1"," ""98510"" "
"1"," ""32881"" "
"1"," ""138250"""
"1"," ""83394"" "
"1"," ""138197"""
"1","
"
"0","mean_features %>%filter(NA_id%in%existing_features_subset_card)"
