{"chunk_definitions":[{"row":8,"row_count":1,"visible":true,"expansion_state":0,"options":{"engine":"r","label":"setup","include":false,"dev":"png"},"document_id":"18DEA71C","chunk_id":"csetup_chunk","chunk_label":"setup"},{"row":20,"row_count":1,"visible":true,"expansion_state":0,"options":{"engine":"r","label":"unnamed-chunk-1","dev":"png"},"document_id":"18DEA71C","chunk_id":"cfufjboxf9aco","chunk_label":"unnamed-chunk-1"},{"row":35,"row_count":1,"visible":true,"expansion_state":0,"options":{"engine":"r","label":"unnamed-chunk-7","dev":"png"},"document_id":"18DEA71C","chunk_id":"cg1pa7ljunfap","chunk_label":"unnamed-chunk-2"},{"row":92,"row_count":1,"visible":true,"expansion_state":0,"options":{"engine":"r","label":"unnamed-chunk-8","dev":"png"},"document_id":"18DEA71C","chunk_id":"cknda281g9c27","chunk_label":"unnamed-chunk-4"},{"row":124,"row_count":1,"visible":true,"expansion_state":0,"options":{"engine":"r","label":"unnamed-chunk-41","dev":"png"},"document_id":"18DEA71C","chunk_id":"ccoe6kgtx0wy4","chunk_label":"unnamed-chunk-5"},{"row":236,"row_count":1,"visible":true,"expansion_state":0,"options":{"engine":"r","label":"unnamed-chunk-48","dev":"png"},"document_id":"18DEA71C","chunk_id":"ckuk7a59ocr3k","chunk_label":"unnamed-chunk-6"},{"row":297,"row_count":1,"visible":true,"expansion_state":0,"options":{"engine":"r","label":"unnamed-chunk-55","dev":"png"},"document_id":"18DEA71C","chunk_id":"c4pocav2h8fhm","chunk_label":"unnamed-chunk-12"},{"row":315,"row_count":1,"visible":true,"expansion_state":0,"options":{"engine":"r","label":"unnamed-chunk-43","dev":"png"},"document_id":"18DEA71C","chunk_id":"cb8bhfqlsg2dk","chunk_label":"unnamed-chunk-13"}],"doc_write_time":1763570018,"working_dir":null,"default_chunk_options":{"echo":true},"chunk_rendered_width":400}