"","enzyme","features","superclass","class","direction_toxicity","mz","rt","class_probability","with_flag","without_flag","class_grouped","status","mz_rt"
"1","porcine","36026","Small peptides","_","positive",207.113,3.87,0.2,TRUE,FALSE,"Small peptides | _","only_with","207.1_3.9"
"2","porcine","78129","Oligopeptides","Cyclic peptides","positive",645.304,5.05,0.99,TRUE,FALSE,"Oligopeptides | Cyclic peptides","only_with","645.3_5"
"3","porcine","85097","Steroids","Cardenolides","positive",369.207,5.22,0.79,TRUE,FALSE,"Steroids | Cardenolides","only_with","369.2_5.2"
"4","porcine","85177","Steroids","Androstane steroids","positive",351.196,5.22,0.7,TRUE,FALSE,"Steroids | Androstane steroids","only_with","351.2_5.2"
"5","porcine","85688","Steroids","Cardenolides","positive",387.219,5.25,0.857496262,FALSE,TRUE,"Steroids | Cardenolides","goes_away","387.2_5.2"
"6","porcine","98510","Cyclic polyketides","_","positive",226.108,5.48,0.483652472,FALSE,TRUE,"Cyclic polyketides | _","goes_away","226.1_5.5"
"7","porcine","107166","Steroids","Cardenolides","positive",531.259,5.65,0.953734517,FALSE,TRUE,"Steroids | Cardenolides","goes_away","531.3_5.7"
"8","porcine","109172","Steroids","_","positive",385.203,5.7,0.15,TRUE,FALSE,"Steroids | _","only_with","385.2_5.7"
"9","porcine","108555","Steroids","Cardenolides","positive",549.27,5.71,0.89,TRUE,FALSE,"Steroids | Cardenolides","only_with","549.3_5.7"
"10","porcine","111940","Steroids","Cardenolides","positive",549.27,5.75,0.893000782,FALSE,TRUE,"Steroids | Cardenolides","goes_away","549.3_5.8"
"11","porcine","118607","Steroids","Cardenolides","positive",549.27,5.9,0.89,TRUE,FALSE,"Steroids | Cardenolides","only_with","549.3_5.9"
"12","porcine","123306","Steroids","Cardenolides","positive",531.26,5.94,0.837209165,FALSE,TRUE,"Steroids | Cardenolides","goes_away","531.3_5.9"
"13","monarch","127770","Triterpenoids","_","negative",835.314,6.033,0.2,FALSE,TRUE,"Triterpenoids | _","goes_away","835.3_6"
"14","porcine","128795","Steroids","Cardenolides","positive",596.308,6.07,0.983944356,FALSE,TRUE,"Steroids | Cardenolides","goes_away","596.3_6.1"
"15","porcine","141664","Steroids","NS cardenolides","positive",602.244,6.37,0.9,FALSE,TRUE,"Steroids | NS cardenolides","goes_away","602.2_6.4"
"16","porcine","145413","Steroids","Cardenolides","positive",513.247,6.46,0.827799916,FALSE,TRUE,"Steroids | Cardenolides","goes_away","513.2_6.5"
"17","porcine","149894","Steroids","NS cardenolides","positive",604.258,6.61,0.9,TRUE,TRUE,"Steroids | NS cardenolides","stable","604.3_6.6"
"18","porcine","153694","Steroids","NS cardenolides","positive",604.258,6.69,0.9,TRUE,TRUE,"Steroids | NS cardenolides","stable","604.3_6.7"
"19","monarch","183913","Triterpenoids","Limonoids","positive",627.282,7.768,0.77,FALSE,TRUE,"Triterpenoids | Limonoids","goes_away","627.3_7.8"
"20","monarch","183913","Triterpenoids","Limonoids","positive",627.282,7.77,0.77,TRUE,FALSE,"Triterpenoids | Limonoids","only_with","627.3_7.8"
"21","porcine","189795","Linear polyketides","_","positive",274.148,8,0.01,TRUE,FALSE,"Linear polyketides | _","only_with","274.1_8"
"22","monarch","210475","Tryptophan alkaloids","_","positive",641.296,8.92,0.31,TRUE,FALSE,"Tryptophan alkaloids | _","only_with","641.3_8.9"
"23","monarch","231664","Macrolides","Oxa-Bridged Macrolides","positive",645.232,9.928,0.66,FALSE,TRUE,"Macrolides | Oxa-Bridged Macrolides","goes_away","645.2_9.9"
"24","monarch","240066","Tryptophan alkaloids","_","positive",597.271,10.315129,0.22,TRUE,FALSE,"Tryptophan alkaloids | _","only_with","597.3_10.3"
"25","monarch","245670","Triterpenoids","Limonoids","positive",641.296,10.621,0.51,FALSE,TRUE,"Triterpenoids | Limonoids","goes_away","641.3_10.6"
"26","monarch","248819","Tryptophan alkaloids","_","positive",608.263,10.83,0.24,TRUE,FALSE,"Tryptophan alkaloids | _","only_with","608.3_10.8"
"27","monarch","251220","Histidine alkaloids","Imidazole alkaloids","positive",642.289,11.09,0.5,TRUE,FALSE,"Histidine alkaloids | Imidazole alkaloids","only_with","642.3_11.1"
"28","monarch","251680","Glycerophospholipids","Glycerophosphocholines","negative",802.533,11.11,0.99,TRUE,FALSE,"Glycerophospholipids | Glycerophosphocholines","only_with","802.5_11.1"
"29","monarch","251680","Glycerophospholipids","Glycerophosphocholines","negative",802.533,11.114,0.99,FALSE,TRUE,"Glycerophospholipids | Glycerophosphocholines","goes_away","802.5_11.1"
"30","monarch","252921","Glycerophospholipids","Glycerophosphocholines","negative",802.533,11.25,0.99,TRUE,FALSE,"Glycerophospholipids | Glycerophosphocholines","only_with","802.5_11.2"
"31","monarch","252921","Glycerophospholipids","Glycerophosphocholines","negative",802.533,11.252,0.99,FALSE,TRUE,"Glycerophospholipids | Glycerophosphocholines","goes_away","802.5_11.3"
"32","monarch","256717","Triterpenoids","Limonoids","positive",661.263,11.505,0.59,FALSE,TRUE,"Triterpenoids | Limonoids","goes_away","661.3_11.5"
"33","monarch","256717","Triterpenoids","Limonoids","positive",661.263,11.50538,0.59,TRUE,FALSE,"Triterpenoids | Limonoids","only_with","661.3_11.5"
"34","monarch","259578","Triterpenoids","Limonoids","positive",639.28,11.726,0.79,FALSE,TRUE,"Triterpenoids | Limonoids","goes_away","639.3_11.7"
"35","monarch","259578","Triterpenoids","Limonoids","positive",639.28,11.73,0.79,TRUE,FALSE,"Triterpenoids | Limonoids","only_with","639.3_11.7"
"36","monarch","261425","Triterpenoids","Limonoids","positive",551.266,11.81,0.57,TRUE,FALSE,"Triterpenoids | Limonoids","only_with","551.3_11.8"
"37","monarch","268357","Triterpenoids","_","negative",555.514,12.153,0.49,FALSE,TRUE,"Triterpenoids | _","goes_away","555.5_12.2"
"38","monarch","284310","Glycerolipids","Diacylglycerols","positive",573.488,13.209,0.97,FALSE,TRUE,"Glycerolipids | Diacylglycerols","goes_away","573.5_13.2"
