enzyme,variable,general_measure,predictors_concentration,predictors_richness,predictors,features,importance,mz,rt,r2,pvalue,direction_toxicity,pathway,pathway_probability,superclass,superclass_probability,class,class_probability,Sirius_score
monarch,mon_ic50,IC50,none,none,none,245670,6.45E-05,641.296,10.621,-0.45,0,positive,Terpenoids,0.777122021,Triterpenoids,0.58,Limonoids,0.51,27.64
monarch,mon_ic50,IC50,none,none,none,231664,5.51E-05,645.232,9.928,-0.36,0.005,positive,Polyketides,0.912730634,Macrolides,0.6,Oxa-Bridged Macrolides,0.66,6.5
monarch,mon_ic50,IC50,none,none,none,256717,5.87E-05,661.263,11.505,-0.34,0.009,positive,Terpenoids,0.809548199,Triterpenoids,0.5,Limonoids,0.59,27.77
monarch,mon_ic50,IC50,none,none,none,183913,5.12E-05,627.282,7.768,-0.29,0.029,positive,Terpenoids,0.893049836,Triterpenoids,0.81,Limonoids,0.77,23.97
monarch,mon_ic50,IC50,none,none,none,284310,5.32E-05,573.488,13.209,-0.21,0.107,positive,Fatty acids,0.99989903,Glycerolipids,0.99,Diacylglycerols,0.97,82.42
monarch,mon_ic50,IC50,none,none,none,259578,7.20E-05,639.28,11.726,-0.21,0.109,positive,Terpenoids,0.923932016,Triterpenoids,0.76,Limonoids,0.79,9.68
monarch,mon_ic50,IC50,none,none,none,127770,6.45E-05,835.314,6.033,0,0.993,negative,Terpenoids,0.642117321,Triterpenoids,0.32,Oleanane triterpenoids,0.2,7.35
monarch,mon_ic50,IC50,none,none,none,252921,6.59E-05,802.533,11.252,0.39,0.002,negative,Fatty acids,0.999784648,Glycerophospholipids,1,Glycerophosphocholines,0.99,36.65
monarch,mon_ic50,IC50,none,none,none,268357,4.94E-05,555.514,12.153,0.43,0.001,negative,Terpenoids,0.84,Triterpenoids,0.58,Triterpenoids,0.49,74.96
monarch,mon_ic50,IC50,none,none,none,251680,4.62E-05,802.533,11.114,0.49,0,negative,Fatty acids,1,Glycerophospholipids,1,Glycerophosphocholines,0.99,31.49
monarch,mon_ic50,IC50,0,5.22E-06,concentration_richness,256717,6.16E-05,661.263,11.50538,-0.34,0.009,positive,Terpenoids,0.81,Triterpenoids,0.5,Limonoids,0.59,27.77
monarch,mon_ic50,IC50,0,5.22E-06,concentration_richness,240066,5.76E-05,597.271,10.315129,-0.32,0.014,positive,Alkaloids,0.98,Tryptophan alkaloids,0.78,Carbazole alkaloids,0.22,18.48
monarch,mon_ic50,IC50,0,5.22E-06,concentration_richness,251220,5.87E-05,642.289,11.09,-0.31,0.018,positive,Alkaloids,0.95,Histidine alkaloids,0.57,Imidazole alkaloids,0.5,5.68
monarch,mon_ic50,IC50,0,5.22E-06,concentration_richness,248819,4.71E-05,608.263,10.83,-0.29,0.025,positive,Alkaloids,0.97,Tryptophan alkaloids,0.87,Carboline alkaloids,0.24,15.78
monarch,mon_ic50,IC50,0,5.22E-06,concentration_richness,183913,6.09E-05,627.282,7.77,-0.29,0.029,positive,Terpenoids,0.89,Triterpenoids,0.81,Limonoids,0.77,23.97
monarch,mon_ic50,IC50,0,5.22E-06,concentration_richness,261425,5.02E-05,551.266,11.81,-0.23,0.079,positive,Terpenoids,0.96,Triterpenoids,0.73,Limonoids,0.57,34.42
monarch,mon_ic50,IC50,0,5.22E-06,concentration_richness,210475,5.37E-05,641.296,8.92,-0.21,0.105,positive,Alkaloids,0.86,Tryptophan alkaloids,0.61,Aspidosperma type,0.31,42.84
monarch,mon_ic50,IC50,0,5.22E-06,concentration_richness,259578,9.80E-05,639.28,11.73,-0.21,0.109,positive,Terpenoids,0.92,Triterpenoids,0.76,Limonoids,0.79,9.68
monarch,mon_ic50,IC50,0,5.22E-06,concentration_richness,252921,6.11E-05,802.533,11.25,0.39,0.002,negative,Fatty acids,1,Glycerophospholipids,1,Glycerophosphocholines,0.99,36.65
monarch,mon_ic50,IC50,0,5.22E-06,concentration_richness,251680,6.56E-05,802.533,11.11,0.49,0,negative,Fatty acids,1,Glycerophospholipids,1,Glycerophosphocholines,0.99,31.49
monarch,1_monpotency,Potency,none,none,none,141285,4.76E-04,535.291,6.37,-0.85,0,negative,Terpenoids,1,Steroids,1,Cardenolides,0.96,165.14
monarch,1_monpotency,Potency,none,none,none,45416,4.36E-04,360.129,4.14,-0.26,0.04,negative,Amino acids and Peptides,0.957,Amino acid glycosides,0.998,Cyanogenic glycosides,0.998,51.001
monarch,1_monpotency,Potency,none,none,none,145317,3.81E-04,550.306,6.45,-0.78,0,negative,Alkaloids,0.09,Steroids,0.34,Cyclic peptides,0.03,35.56
monarch,1_monpotency,Potency,none,none,none,144948,4.63E-04,487.269,6.47,-0.75,0,negative,Terpenoids,1,Steroids,1,Cardenolides,0.86,97.07
monarch,1_monpotency,Potency,none,none,none,70039,4.36E-04,287.055,4.79,-0.01,0.94,negative,non_determinated,,non_determinated,,non_determinated,,
monarch,1_monpotency,Potency,none,none,none,8483,5.97E-04,160.108,1.21,-0.54,0,negative,Amino acids and Peptides,0.81,Small peptides,0.86,Aminoacids,0.84,25.64
monarch,1_monpotency,Potency,none,none,none,112990,4.36E-04,343.226,5.77,-0.49,0,negative,Terpenoids,0.83,Steroids,0.89,Estrane steroids,0.64,144.56
monarch,1_monpotency,Potency,none,none,none,124933,4.60E-04,347.075,5.99,0.09,0.4,positive,Shikimates,0.98,Phenylpropanoid,0.905,Phenylpropanoids ,0.919,8.266
monarch,1_monpotency,Potency,none,none,none,241395,4.60E-04,663.242,10.4,0.01,0.964,positive,Terpenoids,0.79,Triterpenoids,0.63,Limonoids,0.64,5.44
monarch,1_monpotency,Potency,none,none,none,258361,4.41E-04,405.357,11.65,0.16,0.237,positive,Fatty acids,0.98,Glycerolipids,0.99,Monoacylglycerols,0.82,45.86
monarch,1_monpotency,Potency,1.28E-04,7.83E-05,concentration_richness,85097,1.05E-04,369.207,5.23,-0.66,0,negative,Terpenoids,1,Steroids,1,Cardenolides,0.79,133.62
monarch,1_monpotency,Potency,1.28E-04,7.83E-05,concentration_richness,85177,1.67E-04,351.196,5.22,-0.65,0,negative,Terpenoids,0.63,Steroids,0.99,Androstane steroids,0.7,53.5
monarch,1_monpotency,Potency,1.28E-04,7.83E-05,concentration_richness,83404,1.02E-04,405.228,5.22,-0.61,0,negative,Terpenoids,0.99,Steroids,0.96,Cardenolides,0.98,125.1
monarch,1_monpotency,Potency,1.28E-04,7.83E-05,concentration_richness,138335,8.53E-05,387.217,6.3,-0.59,0,negative,Terpenoids,1,Steroids,0.99,Cardenolides,0.99,93.18
monarch,1_monpotency,Potency,1.28E-04,7.83E-05,concentration_richness,136030,8.89E-05,531.26,6.24,-0.55,0,negative,Terpenoids,1,Steroids,1,Cardenolides,0.97,129.3
monarch,1_monpotency,Potency,1.28E-04,7.83E-05,concentration_richness,96619,7.18E-05,549.269,5.45,-0.52,0,negative,Terpenoids,1,Steroids,1,Cardenolides,0.95,164.78
monarch,1_monpotency,Potency,1.28E-04,7.83E-05,concentration_richness,162450,7.10E-05,589.263,7,-0.33,0.011,negative,Terpenoids,0.97,Steroids,0.8,Cardenolides,0.17,103.05
monarch,1_monpotency,Potency,1.28E-04,7.83E-05,concentration_richness,127185,8.53E-05,339.232,6.05,-0.31,0.021,negative,Terpenoids,1,Steroids,0.83,Androstane steroids,0.09,112.8
porcine,pig_ic50,IC50,none,none,none,111940,1.32E-04,549.27,5.75,-0.638,0,positive,Terpenoids,0.999183118,Steroids,0.999827325,Cardenolides,0.893000782,171.4145415
porcine,pig_ic50,IC50,none,none,none,107166,1.30E-04,531.259,5.65,-0.497,0,positive,Terpenoids,0.999285042,Steroids,0.999143958,Cardenolides,0.953734517,136.9352997
porcine,pig_ic50,IC50,none,none,none,85688,8.19E-05,387.219,5.25,-0.443,0,positive,Terpenoids,0.996464252,Steroids,0.974547088,Cardenolides,0.857496262,152.8854086
porcine,pig_ic50,IC50,none,none,none,145413,1.08E-04,513.247,6.46,-0.436,0.001,positive,Terpenoids,0.999570787,Steroids,0.998540521,Cardenolides,0.827799916,137.7665937
porcine,pig_ic50,IC50,none,none,none,98510,1.51E-04,226.108,5.48,-0.377,0.003,positive,Alkaloids,0.653958082,Cyclic polyketides,0.828862071,2-pyrone derivatives,0.483652472,51.25669534
porcine,pig_ic50,IC50,none,none,none,149894,9.93E-05,604.258,6.61,-0.368,0.004,positive,Terpenoids,0.908730924,Steroids,0.853613257,NS cardenolides,0.9,26.86224091
porcine,pig_ic50,IC50,none,none,none,128795,8.87E-05,596.308,6.07,-0.358,0.005,positive,Terpenoids,0.995919287,Steroids,0.999985933,Cardenolides,0.983944356,57.41443022
porcine,pig_ic50,IC50,none,none,none,123306,9.75E-05,531.26,5.94,-0.277,0.034,positive,Terpenoids,0.999633789,Steroids,0.997408688,Cardenolides,0.837209165,89.28337804
porcine,pig_ic50,IC50,none,none,none,141664,1.28E-04,602.244,6.37,-0.27,0.039,positive,Terpenoids,0.670903981,Steroids,0.598191559,NS cardenolides,0.9,26.17089177
porcine,pig_ic50,IC50,none,none,none,153694,1.15E-04,604.258,6.69,-0.194,0.14,positive,Terpenoids,0.711584747,Steroids,0.060183186,NS cardenolides,0.9,34.97659648
porcine,pig_ic50,IC50,5.56E-05,3.58E-05,concentration_richness,85177,1.31E-04,351.196,5.22,-0.565,0,positive,Terpenoids,0.626515448,Steroids,0.99,Androstane steroids,0.7,53.5
porcine,pig_ic50,IC50,5.56E-05,3.58E-05,concentration_richness,109172,1.32E-04,385.203,5.7,-0.509,0,positive,Terpenoids,0.98639977,Steroids,0.55,Cardenolides,0.15,125.77
porcine,pig_ic50,IC50,5.56E-05,3.58E-05,concentration_richness,108555,1.38E-04,549.27,5.71,-0.506,0,positive,Terpenoids,0.999183118,Steroids,1,Cardenolides,0.89,171.41
porcine,pig_ic50,IC50,5.56E-05,3.58E-05,concentration_richness,189795,1.10E-04,274.148,8,-0.443,0,positive,Amino acids and Peptides,0.475632906,Linear polyketides,0.16,Melithiazole derivatives,0.01,28.4
porcine,pig_ic50,IC50,5.56E-05,3.58E-05,concentration_richness,118607,1.17E-04,549.27,5.9,-0.434,0.001,positive,Terpenoids,0.999367177,Steroids,1,Cardenolides,0.89,163.98
porcine,pig_ic50,IC50,5.56E-05,3.58E-05,concentration_richness,85097,1.31E-04,369.207,5.22,-0.54,0.000007,positive,Terpenoids,1,Steroids,1,Cardenolides,0.79,133.62
porcine,pig_ic50,IC50,5.56E-05,3.58E-05,concentration_richness,149894,1.08E-04,604.258,6.61,-0.368,0.004,positive,Terpenoids,0.908730924,Steroids,0.85,NS cardenolides,0.9,26.86
porcine,pig_ic50,IC50,5.56E-05,3.58E-05,concentration_richness,36026,1.24E-04,207.113,3.87,-0.349,0.007,positive,Alkaloids,0.89948684,Small peptides,0.2,Pyridine alkaloids,0.2,38.34
porcine,pig_ic50,IC50,5.56E-05,3.58E-05,concentration_richness,78129,1.02E-04,645.304,5.05,-0.274,0.036,positive,Amino acids and Peptides,0.954829931,Oligopeptides,0.72,Cyclic peptides,0.99,11.75
porcine,pig_ic50,IC50,5.56E-05,3.58E-05,concentration_richness,153694,1.07E-04,604.258,6.69,-0.194,0.14,positive,Terpenoids,0.711584747,Steroids,0.06,NS cardenolides,0.9,34.98
porcine,pig_potency,Potency,none,none,none,270004,1.73E-05,1129.775,12.32,-0.143,0.281,positive,Fatty acids,0.998744011,Glycerolipids,0.99999094,Glycosyldiacylglycerols,0.99998951,5.425966967
porcine,pig_potency,Potency,none,none,none,131239,1.72E-05,526.266,6.1,0.2,0.128,negative,Carbohydrates,0.596017778,Aminosugars and aminoglycosides,0.234872043,Amino cyclitols,0.511185527,12.72752217
porcine,pig_potency,Potency,none,none,none,43606,1.79E-05,561.252,4.09,0.364,0.005,negative,non_determinated,,non_determinated,,non_determinated,,
porcine,pig_potency,Potency,none,none,none,69502,1.91E-05,205.143,4.79,0.37,0.004,negative,Fatty acids,0.994909823,Fatty Acids and Conjugates,0.97250104,Hydroxy fatty acids,0.884178698,55.59497417
porcine,pig_potency,Potency,none,none,none,161125,1.70E-05,585.269,6.94,0.386,0.003,negative,Terpenoids,0.994670093,Steroids,0.999058425,Cardenolides,0.650191307,4.982770678
porcine,pig_potency,Potency,none,none,none,131200,2.24E-05,361.237,6.15,0.444,0,negative,Terpenoids,0.980583906,Steroids,0.991452932,Cardenolides,0.940545619,134.0749462
porcine,pig_potency,Potency,none,none,none,41461,2.15E-05,209.154,4.07,0.556,0,negative,Terpenoids,0.776042938,Apocarotenoids,0.943463206,Apocarotenoids,0.8715626,204.3350915
porcine,pig_potency,Potency,none,none,none,58509,1.70E-05,197.176,4.48,0.61,0,negative,Alkaloids,0.977,Guanidine alkaloids,0.386,Tricyclic guanidine alkaloids,0.181,21.931
porcine,pig_potency,Potency,none,none,none,5868,1.70E-05,298.14,1.07,0.561,0,negative,Amino acids and Peptides,0.904935598,Small peptides,0.926562846,Dipeptides,0.9251948,8.586373164
porcine,pig_potency,Potency,none,none,none,20947,2.67E-05,170.129,2.56,0.658,0,negative,Alkaloids,0.988504827,Histidine alkaloids,0.436079293,Imidazole alkaloids,0.403387755,39.90661195
porcine,pig_potency,Potency,1.55E-05,3.49E-06,concentration_richness,270004,1.73E-05,1129.775,12.32,-0.143,0.281,positive,Fatty acids,0.998744011,Glycerolipids,0.99999094,Glycosyldiacylglycerols,0.99998951,5.425966967
porcine,pig_potency,Potency,1.55E-05,3.49E-06,concentration_richness,89690,2.50E-05,469.242,5.34,-0.098,0.461,positive,Terpenoids,0.541668177,Sesquiterpenoids,0.246020958,Open-chain polyketides,0.387625962,
porcine,pig_potency,Potency,1.55E-05,3.49E-06,concentration_richness,70995,1.75E-05,471.185,4.83,0.314,0.015,negative,non_determinated,,non_determinated,,non_determinated,,
porcine,pig_potency,Potency,1.55E-05,3.49E-06,concentration_richness,244106,2.18E-05,624.284,10.53,0.355,0.006,negative,Alkaloids,0.804724872,Tyrosine alkaloids,0.203970134,Steroidal alkaloids,0.048844617,27.04605116
porcine,pig_potency,Potency,1.55E-05,3.49E-06,concentration_richness,3517,1.55E-05,240.193,0.93,0.357,0.006,negative,Alkaloids,0.997801363,Ornithine alkaloids,0.898594439,Polyamines,0.811645985,21.94432505
porcine,pig_potency,Potency,1.55E-05,3.49E-06,concentration_richness,28153,1.55E-05,391.158,3.64,0.535,0,negative,non_determinated,,non_determinated,,non_determinated,,
porcine,pig_potency,Potency,1.55E-05,3.49E-06,concentration_richness,189623,1.55E-05,348.327,7.98,0.579,0,negative,Alkaloids,0.576515615,Fatty acyls,0.087513506,Phenylalanine-derived alkaloids,0.205294505,6.20447574
porcine,pig_potency,Potency,1.55E-05,3.49E-06,concentration_richness,29140,1.85E-05,391.158,3.65,0.61,0,negative,non_determinated,,non_determinated,,non_determinated,,
porcine,pig_potency,Potency,1.55E-05,3.49E-06,concentration_richness,20947,1.85E-05,170.129,2.56,0.658,0,negative,Alkaloids,0.988504827,Histidine alkaloids,0.436079293,Imidazole alkaloids,0.403387755,39.90661195
