lcms,species
3,arenaria
4,invol
5,mexicana
6,subverticillata
7,pulchra
8,vestita
9,linea
10,obovata
11,oenotheroides
12,angustifolia
13,amplexicaulis
14,hallii
15,verticillata
16,scene
17,solanoana
18,engelmanniana
19,speciosa
20,nyctaginofolia
21,purpurascens
22,glaucescens
23,labriformis
24,candida
25,subverticillata
26,exaltata
27,sullivantii
28,texana
29,curassavica
30,tuberosa
31,humistrata
32,cordifolia
33,auriculata2
34,macrosperma
35,pumila
36,fascicularis
37,brachystephana
38,engelmanniana
39,quadrifolia
41,asperula
42,incarnata 
43,speciosa
44,scene
45,oenotheroides
46,cryptoceras
47,eriocarpa
48,mexicana
49,purpurascens
50,vestita
51,asperula
52,rubra
53,perennis
54,glaucescens
55,californica
56,brachystephana
57,linea
58,stenophylla
59,arenaria
60,amplexicaulis
61,linaria
62,curassavica
63,verticillata
64,viridiflora
65,fascicularis
66,nummularia
67,macrosperma
68,variegata
69,viridis
70,latifolia
71,syriaca
72,hirtella
73,texana
74,albicans
75,lemmonii
76,ovalifolia
77,humistrata
79,pumila
80,longifolia
81,auriculata1
82,subulata
83,lanuginosa
84,viridis
85,angustifolia
86,sullivantii
87,mexicana
88,perennis
89,glaucescens
90,lanuginosa
91,candida
92,hallii
93,asperula
94,vestita
95,arenaria
96,prostrata
97,auriculata2
98,viridiflora
99,pulchra
100,nummularia
101,verticillata
102,solanoana
103,brachystephana
104,sullivantii
105,eriocarpa
106,latifolia
107,cordifolia
108,incarnata 
109,subulata
110,invol
111,variegata
112,erosa
113,californica
114,curassavica
116,fascicularis
117,labriformis
118,rubra
119,latifolia
120,exaltata
121,ovalifolia
122,lemmonii
123,tuberosa
124,oenotheroides
125,albicans
126,syriaca
127,scene
128,stenophylla
129,pumila
130,hirtella
131,amplexicaulis
132,incarnata 
133,purpurascens
134,obovata
135,humistrata
136,eriocarpa
137,lanuginosa
138,lemmonii
139,pulchra
140,nummularia
141,hirtella
142,texana
143,perennis
144,engelmanniana
145,subverticillata
146,californica
147,linea
148,viridis
149,quadrifolia
150,subulata
151,linaria
152,hallii
153,speciosa
155,syriaca
156,auriculata1
157,tuberosa
158,viridiflora
159,angustifolia
160,ovalifolia
161,invol
162,erosa
163,exaltata
164,cordifolia
165,rubra
166,stenophylla
167,quadrifolia
168,macrosperma
83b,erosa
