total,species
2,arenaria
4,invol
2,mexicana
0,subverticillata
1,pulchra
13,vestita
2,linea
4,oenotheroides
2,angustifolia
2,amplexicaulis
5,hallii
1,verticillata
3,scene
2,engelmanniana
5,speciosa
2,purpurascens
5,glaucescens
0,subverticillata
1,exaltata
9,sullivantii
2,texana
9,curassavica
2,tuberosa
5,humistrata
4,cordifolia
2,macrosperma
1,pumila
1,fascicularis
10,brachystephana
2,engelmanniana
2,quadrifolia
8,asperula
1,incarnata 
5,speciosa
3,scene
3,oenotheroides
7,eriocarpa
2,mexicana
2,purpurascens
12,vestita
9,asperula
2,rubra
4,perennis
17,glaucescens
6,californica
9,brachystephana
2,linea
2,stenophylla
2,arenaria
2,amplexicaulis
9,curassavica
1,verticillata
4,viridiflora
1,fascicularis
1,nummularia
4,macrosperma
15,viridis
6,latifolia
7,syriaca
6,hirtella
2,texana
8,lemmonii
7,ovalifolia
5,humistrata
1,pumila
10,subulata
2,lanuginosa
9,erosa
13,viridis
1,angustifolia
10,sullivantii
1,mexicana
16,perennis
4,glaucescens
2,lanuginosa
6,hallii
6,asperula
1,vestita
8,arenaria
1,viridiflora
1,pulchra
1,nummularia
12,verticillata
7,brachystephana
6,sullivantii
5,eriocarpa
7,latifolia
3,cordifolia
1,incarnata 
10,subulata
4,invol
8,erosa
5,californica
2,curassavica
4,fascicularis
2,rubra
9,latifolia
2,exaltata
4,ovalifolia
9,lemmonii
1,tuberosa
7,oenotheroides
6,syriaca
5,scene
2,stenophylla
2,pumila
4,hirtella
2,amplexicaulis
6,incarnata 
2,purpurascens
1,humistrata
8,eriocarpa
7,lanuginosa
2,lemmonii
1,pulchra
4,nummularia
4,hirtella
0,texana
2,perennis
7,engelmanniana
5,subverticillata
4,californica
3,linea
0,viridis
2,quadrifolia
0,subulata
7,hallii
1,speciosa
1,syriaca
1,tuberosa
11,viridiflora
3,angustifolia
12,ovalifolia
2,invol
2,erosa
2,exaltata
9,cordifolia
2,rubra
10,stenophylla
1,quadrifolia
2,macrosperma
9,labriformis
7,albicans
6,auriculata
10,candida
2,cryptoceras
18,linaria
10,longifolia
2,nyctaginofolia
1,obovata
5,prostrata
8,solanoana
5,variegata
