"0",""
"0","tox_subset_subset_card <- toxicity_features_cards_subset %>% select(species,ic50_mg_pig,all_of(existing_features_subset_card) )"
"0",""
"0",""
"0","tidy_data_subset_card <- tox_subset_subset_card %>%"
"0","  pivot_longer(cols = 3:12, names_to = ""feature"", values_to = ""abundance"") %>%"
"0","  group_by(species, feature) %>%"
"0","  summarise("
"0","    ic50_mg_pig = mean(ic50_mg_pig, na.rm = TRUE),"
"0","    abundance = mean(abundance, na.rm = TRUE),"
"0","    .groups = ""drop"""
"0","  )"
"0",""
"0","# Function to get r and p using cor.test"
"0","cor_pval <- function(df) {"
"0","  if (nrow(df) >= 3 &&"
"0","      sd(df$ic50_mg_pig, na.rm = TRUE) > 0 &&"
"0","      sd(df$abundance, na.rm = TRUE) > 0) {"
"0","    ct <- cor.test(df$ic50_mg_pig, df$abundance, method = ""pearson"")"
"0","    tibble(r = ct$estimate, p = ct$p.value)"
"0","  } else {"
"0","    tibble(r = NA, p = NA)"
"0","  }"
"0","}"
"0",""
"0","# Apply function to each feature"
"0","cor_stats <- tidy_data_subset_card %>%"
"0","  group_by(feature) %>%"
"0","  group_map(~cor_pval(.x), .keep = TRUE) %>%"
"0","  bind_rows()"
"0",""
"0","# Combine with feature names"
"0","cor_result <- tidy_data_subset_card %>%"
"0","  distinct(feature) %>%"
"0","  bind_cols(cor_stats)%>%"
"0","  arrange(p)"
"0",""
"0","all_info<- mean_features %>%"
"0","  filter(NA_id %in% existing_features_subset_card) %>%"
"0","  mutate(NA_id=as.character(NA_id))%>%"
"0","  dplyr::inner_join(cor_result, by = c(""NA_id"" = ""feature""))%>%"
"0","  select(NA_id,NA_mz,NA_rt,r,p)%>%"
"0","  arrange(r)"
"0",""
"0",""
"0","tree_grid <- c(100, 250, 500, 750, 1000, 1500, 2000)"
"0","oob_errors <- sapply(tree_grid, function(n_trees) {"
"0","  model <- ranger("
"0","    x = x,"
"0","    y = y_num,"
"0","    importance = ""impurity"","
"0","    num.trees = n_trees,"
"0","    oob.error = TRUE"
"0","  )"
"0","  model$prediction.error  # or model$r.squared for regression"
"0","})"
"2","Error in FUN(X[[i]], ...) : object 'y_num' not found
"
