"0",""
"0",""
"0",""
"0","top_features_subset_card <- head(importance_df_subset_card$feature, 10)"
"0","print(top_features_subset_card)"
"1"," [1]"
"1"," ""X108555"""
"1"," ""X109172"""
"1"," ""X85177"" "
"1"," ""X36026"" "
"1"," ""X118607"""
"1"," ""X189795"""
"1"," ""X149894"""
"1"," ""X153694"""
"1"," ""X78129"" "
"1"," ""X85097"" "
"1","
"
"0","top_features_subset_card_clean <- sub(""^X(\\d+)$"", ""\\1"", top_features_subset_card)"
"0","top_features_subset_card_clean <- as.character(top_features_subset_card_clean)"
"0",""
"0","existing_features_subset_card <- top_features_subset_card_clean[top_features_subset_card_clean %in% colnames(toxicity_features_cards_subset)]"
"0","print(existing_features_subset_card)"
"1"," [1]"
"1"," ""108555"""
"1"," ""109172"""
"1"," ""85177"" "
"1"," ""36026"" "
"1"," ""118607"""
"1"," ""189795"""
"1"," ""149894"""
"1"," ""153694"""
"1"," ""78129"" "
"1"," ""85097"" "
"1","
"
"0","mean_features %>%filter(NA_id%in%existing_features_subset_card)"
