{"chunk_definitions":[{"row":9,"row_count":1,"visible":true,"expansion_state":0,"options":{"engine":"r","label":"setup","include":false,"dev":"png"},"document_id":"9E51BB65","chunk_id":"csetup_chunk","chunk_label":"setup"},{"row":641,"row_count":1,"visible":true,"expansion_state":0,"options":{"engine":"r","label":"unnamed-chunk-44","dev":"png"},"document_id":"9E51BB65","chunk_id":"c4me82ez6ntpo","chunk_label":"unnamed-chunk-13"}],"doc_write_time":1761934308,"working_dir":null,"default_chunk_options":{"echo":true}}